Id,RecordTypeId,Name,IsPersonAccount,AccountId,LastName,FirstName,Salutation,OtherStreet,OtherCity,OtherState,OtherPostalCode,OtherCountry,OtherLatitude,OtherLongitude,OtherGeocodeAccuracy,MailingStreet,MailingCity,MailingState,MailingPostalCode,MailingCountry,MailingLatitude,MailingLongitude,MailingGeocodeAccuracy,Phone,Fax,MobilePhone,HomePhone,OtherPhone,AssistantPhone,ReportsToId,Email,Title,Department,AssistantName,LeadSource,Birthdate,Description,EmailBouncedReason,EmailBouncedDate,Jigsaw,IndividualId,HealthCloudGA__ConvertedReferrals__c,HealthCloudGA__CountryOfBirth__c,HealthCloudGA__DeceasedDate__c,HealthCloudGA__Gender__c,HealthCloudGA__IndividualType__c,HealthCloudGA__MedicalRecordNumber__c,HealthCloudGA__PreferredName__c,HealthCloudGA__PrimaryLanguage__c,HealthCloudGA__SecondaryLanguage__c,HealthCloudGA__SourceSystemId__c,HealthCloudGA__SourceSystem__c,HealthCloudGA__TotalReferrals__c,Account.Name,ReportsTo.Name,Individual.Name,RecordType.$$DeveloperName$NamespacePrefix$SobjectType
0035e00000CZzMWAA1,0125e000001kk7ZAAQ,Ben Green,false,0015e00000EsKmjAAF,Green,Ben,,,,,,,,,,,,,,,,,,,,,,,,,,,,,,,,,,,,,United States,,,Individual,,,English,English,,Health1-00D1I000003oKaz,,Ben Green,,,IndustriesIndividual;HealthCloudGA;Contact
0035e00000CZzMXAA1,0125e000001kk7ZAAQ,"John Smith, MD",false,0015e00000EsKmkAAF,"Smith, MD",John,Dr.,,,,,,,,,,,,,,,,,,,,,,,,,,,,,,,,,,,,United States,,,Individual,,,English,English,,Health1-00D1I000003oKaz,,One Medical Group Inc,,,IndustriesIndividual;HealthCloudGA;Contact
0035e00000CZzMYAA1,0125e000001kk7ZAAQ,Michael White,false,0015e00000EsKmlAAF,White,Michael,Dr.,,,,,,,,,,,,,,,,,,,,,,,,,,,,,,,,,,,,United States,,,Individual,,,English,English,,Health1-00D1I000003oKaz,,Ohana Health System,,,IndustriesIndividual;HealthCloudGA;Contact
0035e00000CZzMZAA1,0125e000001kk7ZAAQ,Charles Manning,false,0015e00000EsKmmAAF,Manning,Charles,,,,,,,,,,,,,,,,,,,,,,,,,,,,,,,,,,,,,United States,,,Individual,,,English,English,,Health1-00D1I000003oKaz,,Charles Manning,,,IndustriesIndividual;HealthCloudGA;Contact
0035e00000CZzMaAAL,0125e000001kk7ZAAQ,George Michael,false,0015e00000EsKmnAAF,Michael,George,,,,,,,,,,,,,,,,,,,,,,,,,,,,,,,,,,,,,United States,,,Individual,,,English,English,,Health1-00D1I000003oKaz,,George Michael,,,IndustriesIndividual;HealthCloudGA;Contact
0035e00000CZzMbAAL,0125e000001kk7YAAQ,Marla Kissinger,false,0015e00000EsKmlAAF,Kissinger,Marla,Dr.,,,,,,,,,,,,,,,,,,,,,,,,,,,,,,,,,,,,United States,,,Individual,,,English,English,,Health1-00D1I000003oKaz,,Ohana Health System,,,IndustriesBusiness;HealthCloudGA;Contact
0035e00000CZzMcAAL,0125e000001kk7ZAAQ,Cara Owens,false,0015e00000EsKmoAAF,Owens,Cara,,,,,,,,,,,,,,,,,,,,,,,,,,,,,,,,,,,,,United States,,,Individual,,,English,English,,Health1-00D1I000003oKaz,,Cara Owens,,,IndustriesIndividual;HealthCloudGA;Contact
0035e00000CZzMdAAL,0125e000001kk7ZAAQ,Charles Manning,false,0015e00000EsKmmAAF,Manning,Charles,,,,,,,,,,,,,,,,,,,,,,,,,,,,,,,,,,,,,United States,,,Individual,,,English,English,,Health1-00D1I000003oKaz,,Charles Manning,,,IndustriesIndividual;HealthCloudGA;Contact
0035e00000CZzMeAAL,0125e000001kk7YAAQ,Carol Peterson,false,0015e00000EsKmkAAF,Peterson,Carol,,,,,,,,,,,,,,,,,,,,,,,,,,,,,,,,,,,,,United States,,,Individual,,,English,English,,Health1-00D1I000003oKaz,,One Medical Group Inc,,,IndustriesBusiness;HealthCloudGA;Contact
0035e00000CZzMfAAL,0125e000001kk7YAAQ,"Mina Patel, MD",false,0015e00000EsKmkAAF,"Patel, MD",Mina,Dr.,,,,,,,,,,,,,,,,,,,,,,,,,,,,,,,,,,,,United States,,,Individual,,,English,English,,Health1-00D1I000003oKaz,,One Medical Group Inc,,,IndustriesBusiness;HealthCloudGA;Contact
0035e00000CZzMlAAL,0125e000001kk7ZAAQ,Amy Huffman,false,0015e00000EsKmxAAF,Huffman,Amy,Dr.,718 Glenview Ave,Highland Park,IL,60035-2432,USA,,,,718 Glenview Ave,Highland Park,IL,60035-2432,USA,,,,(312) 555-1212,(408) 555-1277,(408) 555-1216,,,,,amyhuffman@gmail.com,,,,,,,,,,,,United States,,,Individual,,,English,English,,Health1-00D1I000003oKaz,,Makana Clinic*,,,IndustriesIndividual;HealthCloudGA;Contact
0035e00000CZzMgAAL,0125e000001kk7YAAQ,"Tony Secemsky, MD",false,0015e00000EsKmlAAF,"Secemsky, MD",Tony,,,,,,,,,,,,,,,,,,,,,,,,,,,,,,,,,,,,,United States,,,Individual,,,English,English,,Health1-00D1I000003oKaz,,Ohana Health System,,,IndustriesBusiness;HealthCloudGA;Contact
0035e00000CZzMhAAL,0125e000001kk7YAAQ,Michael Grossman,false,0015e00000EsKmlAAF,Grossman,Michael,,,,,,,,,,,,,,,,,,,,,,,,,,,,,,,,,,,,,United States,,,Individual,,,English,English,,Health1-00D1I000003oKaz,,Ohana Health System,,,IndustriesBusiness;HealthCloudGA;Contact
0035e00000CZzMiAAL,0125e000001kk7ZAAQ,Bob Smith,false,0015e00000EsKmqAAF,Smith,Bob,,,,,,,,,,,,,,,,,,,,,,,,,,,,,,,,,,,,,United States,,,Individual,,,English,English,,Health1-00D1I000003oKaz,,Bob Smith,,,IndustriesIndividual;HealthCloudGA;Contact
0035e00000CZzMjAAL,0125e000001kk7ZAAQ,Florence Canna,false,0015e00000EsKmrAAF,Canna,Florence,,,,,,,,,,,,,,,,,,,,,,,,,,,,,,,,,,,,,United States,,,Individual,,,English,English,,Health1-00D1I000003oKaz,,Florence Canna,,,IndustriesIndividual;HealthCloudGA;Contact
0035e00000CZzMkAAL,0125e000001kk7ZAAQ,Sarah Loehr,false,0015e00000EsKmsAAF,Loehr,Sarah,,,,,,,,,,1 Jones Ave,New York,NY,10010,United States,,,,5555551212,,,,,,,info@salesforce.com,,,,,,,,,,,,United States,,,Individual,,,English,English,,Health1-00D5e000003TG6b,,Sarah Loehr,,,IndustriesIndividual;HealthCloudGA;Contact
0035e00000CZzM5AAL,0125e000001kk7ZAAQ,Shawna Green,false,0015e00000EsKmeAAF,Green,Shawna,,,,,,,,,,123 Mission St,San Francisco,,,USA,,,,,,,,,,,,,,,,1948-08-04,,,,,,,United States,,,Individual,2361124,,English,English,,Health1-00D36000001E03d,,Shawna Green,,,IndustriesIndividual;HealthCloudGA;Contact
0035e00000CZzM6AAL,0125e000001kk7ZAAQ,David Morrison,false,0015e00000EsKmfAAF,Morrison,David,,,,,,,,,,,,,,,,,,,,,,,,,,,,,,1959-04-21,,,,,,,United States,,,Individual,2365592,,English,English,,Health1-00D36000001E03d,,David Morrison,,,IndustriesIndividual;HealthCloudGA;Contact
0035e00000CZzM7AAL,0125e000001kk7ZAAQ,Jane Hamilton,false,0015e00000EsKmgAAF,Hamilton,Jane,,,,,,,,,,,,,,,,,,,,,,,,,,,,,,1956-09-17,,,,,,,United States,,,Individual,987-654321-7,,English,English,,Health1-00D36000001E03d,,Jane Hamilton,,,IndustriesIndividual;HealthCloudGA;Contact
0035e00000CZzM8AAL,0125e000001kk7ZAAQ,Janet Campbell,false,0015e00000EsKmhAAF,Campbell,Janet,,,,,,,,,,,,,,,,,,,,,,,,,,,,,,1980-01-11,,,,,,,United States,,,Individual,987-654321-11,,English,English,,Health1-00D36000001E03d,,Janet Campbell,,,IndustriesIndividual;HealthCloudGA;Contact
0035e00000CZzM9AAL,0125e000001kk7ZAAQ,Charles Green,false,0015e00000EsKmiAAF,Green,Charles,,,,,,,,,,1 Market St,San Francisco,,94105,USA,,,,,,,,,,,trollings@salesforce.com,,,,,1963-10-25,,,,,,,United States,,,Individual,2354422,,English,English,,Health1-00D36000001E03d,,Charles Green,,,IndustriesIndividual;HealthCloudGA;Contact
